{
  "ABIRoot": {
    "kind": "Root",
    "name": "TopLevel",
    "printedName": "TopLevel",
    "children": [
      {
        "kind": "Import",
        "name": "Foundation",
        "printedName": "Foundation",
        "declKind": "Import",
        "moduleName": "RKFramework",
        "declAttributes": [
          "RawDocComment"
        ]
      },
      {
        "kind": "TypeDecl",
        "name": "Dictionary",
        "printedName": "Dictionary",
        "children": [
          {
            "kind": "Function",
            "name": "valueFor",
            "printedName": "valueFor(_:defaultValue:)",
            "children": [
              {
                "kind": "TypeNominal",
                "name": "GenericTypeParam",
                "printedName": "τ_1_0"
              },
              {
                "kind": "TypeNominal",
                "name": "GenericTypeParam",
                "printedName": "τ_0_0"
              },
              {
                "kind": "TypeFunc",
                "name": "Function",
                "printedName": "() -> τ_1_0",
                "children": [
                  {
                    "kind": "TypeNominal",
                    "name": "GenericTypeParam",
                    "printedName": "τ_1_0"
                  },
                  {
                    "kind": "TypeNominal",
                    "name": "Void",
                    "printedName": "()"
                  }
                ],
                "typeAttributes": [
                  "noescape"
                ]
              }
            ],
            "declKind": "Func",
            "usr": "s:SD11RKFrameworkypRs_rlE8valueFor_12defaultValueqd__x_qd__yXKtlF",
            "mangledName": "$sSD11RKFrameworkypRs_rlE8valueFor_12defaultValueqd__x_qd__yXKtlF",
            "moduleName": "RKFramework",
            "genericSig": "<τ_0_0, τ_0_1, τ_1_0 where τ_0_0 : Swift.Hashable, τ_0_1 == Any>",
            "sugared_genericSig": "<Key, Value, T where Key : Swift.Hashable, Value == Any>",
            "declAttributes": [
              "RawDocComment"
            ],
            "isFromExtension": true,
            "funcSelfKind": "NonMutating"
          },
          {
            "kind": "Subscript",
            "name": "subscript",
            "printedName": "subscript(_:_:)",
            "children": [
              {
                "kind": "TypeNominal",
                "name": "GenericTypeParam",
                "printedName": "τ_1_0"
              },
              {
                "kind": "TypeNominal",
                "name": "GenericTypeParam",
                "printedName": "τ_0_0"
              },
              {
                "kind": "TypeFunc",
                "name": "Function",
                "printedName": "() -> τ_1_0",
                "children": [
                  {
                    "kind": "TypeNominal",
                    "name": "GenericTypeParam",
                    "printedName": "τ_1_0"
                  },
                  {
                    "kind": "TypeNominal",
                    "name": "Void",
                    "printedName": "()"
                  }
                ],
                "typeAttributes": [
                  "noescape"
                ]
              }
            ],
            "declKind": "Subscript",
            "usr": "s:SD11RKFrameworkypRs_rlEyqd__x_qd__yXKtcluip",
            "mangledName": "$sSD11RKFrameworkypRs_rlEyqd__x_qd__yXKtcluip",
            "moduleName": "RKFramework",
            "genericSig": "<τ_0_0, τ_0_1, τ_1_0 where τ_0_0 : Swift.Hashable, τ_0_1 == Any>",
            "sugared_genericSig": "<Key, Value, T where Key : Swift.Hashable, Value == Any>",
            "declAttributes": [
              "RawDocComment"
            ],
            "isFromExtension": true,
            "accessors": [
              {
                "kind": "Accessor",
                "name": "Get",
                "printedName": "Get()",
                "children": [
                  {
                    "kind": "TypeNominal",
                    "name": "GenericTypeParam",
                    "printedName": "τ_1_0"
                  },
                  {
                    "kind": "TypeNominal",
                    "name": "GenericTypeParam",
                    "printedName": "τ_0_0"
                  },
                  {
                    "kind": "TypeFunc",
                    "name": "Function",
                    "printedName": "() -> τ_1_0",
                    "children": [
                      {
                        "kind": "TypeNominal",
                        "name": "GenericTypeParam",
                        "printedName": "τ_1_0"
                      },
                      {
                        "kind": "TypeNominal",
                        "name": "Void",
                        "printedName": "()"
                      }
                    ],
                    "typeAttributes": [
                      "noescape"
                    ]
                  }
                ],
                "declKind": "Accessor",
                "usr": "s:SD11RKFrameworkypRs_rlEyqd__x_qd__yXKtcluig",
                "mangledName": "$sSD11RKFrameworkypRs_rlEyqd__x_qd__yXKtcluig",
                "moduleName": "RKFramework",
                "genericSig": "<τ_0_0, τ_0_1, τ_1_0 where τ_0_0 : Swift.Hashable, τ_0_1 == Any>",
                "sugared_genericSig": "<Key, Value, T where Key : Swift.Hashable, Value == Any>",
                "isFromExtension": true,
                "accessorKind": "get"
              }
            ]
          },
          {
            "kind": "Function",
            "name": "valueFor",
            "printedName": "valueFor(_:defaultValue:)",
            "children": [
              {
                "kind": "TypeNominal",
                "name": "GenericTypeParam",
                "printedName": "τ_1_0"
              },
              {
                "kind": "TypeNominal",
                "name": "GenericTypeParam",
                "printedName": "τ_0_0"
              },
              {
                "kind": "TypeFunc",
                "name": "Function",
                "printedName": "() -> τ_1_0",
                "children": [
                  {
                    "kind": "TypeNominal",
                    "name": "GenericTypeParam",
                    "printedName": "τ_1_0"
                  },
                  {
                    "kind": "TypeNominal",
                    "name": "Void",
                    "printedName": "()"
                  }
                ],
                "typeAttributes": [
                  "noescape"
                ]
              }
            ],
            "declKind": "Func",
            "usr": "s:SD11RKFrameworkyXlRs_rlE8valueFor_12defaultValueqd__x_qd__yXKtlF",
            "mangledName": "$sSD11RKFrameworkyXlRs_rlE8valueFor_12defaultValueqd__x_qd__yXKtlF",
            "moduleName": "RKFramework",
            "genericSig": "<τ_0_0, τ_0_1, τ_1_0 where τ_0_0 : Swift.Hashable, τ_0_1 == AnyObject>",
            "sugared_genericSig": "<Key, Value, T where Key : Swift.Hashable, Value == AnyObject>",
            "declAttributes": [
              "RawDocComment"
            ],
            "isFromExtension": true,
            "funcSelfKind": "NonMutating"
          },
          {
            "kind": "Subscript",
            "name": "subscript",
            "printedName": "subscript(_:_:)",
            "children": [
              {
                "kind": "TypeNominal",
                "name": "GenericTypeParam",
                "printedName": "τ_1_0"
              },
              {
                "kind": "TypeNominal",
                "name": "GenericTypeParam",
                "printedName": "τ_0_0"
              },
              {
                "kind": "TypeFunc",
                "name": "Function",
                "printedName": "() -> τ_1_0",
                "children": [
                  {
                    "kind": "TypeNominal",
                    "name": "GenericTypeParam",
                    "printedName": "τ_1_0"
                  },
                  {
                    "kind": "TypeNominal",
                    "name": "Void",
                    "printedName": "()"
                  }
                ],
                "typeAttributes": [
                  "noescape"
                ]
              }
            ],
            "declKind": "Subscript",
            "usr": "s:SD11RKFrameworkyXlRs_rlEyqd__x_qd__yXKtcluip",
            "mangledName": "$sSD11RKFrameworkyXlRs_rlEyqd__x_qd__yXKtcluip",
            "moduleName": "RKFramework",
            "genericSig": "<τ_0_0, τ_0_1, τ_1_0 where τ_0_0 : Swift.Hashable, τ_0_1 == AnyObject>",
            "sugared_genericSig": "<Key, Value, T where Key : Swift.Hashable, Value == AnyObject>",
            "declAttributes": [
              "RawDocComment"
            ],
            "isFromExtension": true,
            "accessors": [
              {
                "kind": "Accessor",
                "name": "Get",
                "printedName": "Get()",
                "children": [
                  {
                    "kind": "TypeNominal",
                    "name": "GenericTypeParam",
                    "printedName": "τ_1_0"
                  },
                  {
                    "kind": "TypeNominal",
                    "name": "GenericTypeParam",
                    "printedName": "τ_0_0"
                  },
                  {
                    "kind": "TypeFunc",
                    "name": "Function",
                    "printedName": "() -> τ_1_0",
                    "children": [
                      {
                        "kind": "TypeNominal",
                        "name": "GenericTypeParam",
                        "printedName": "τ_1_0"
                      },
                      {
                        "kind": "TypeNominal",
                        "name": "Void",
                        "printedName": "()"
                      }
                    ],
                    "typeAttributes": [
                      "noescape"
                    ]
                  }
                ],
                "declKind": "Accessor",
                "usr": "s:SD11RKFrameworkyXlRs_rlEyqd__x_qd__yXKtcluig",
                "mangledName": "$sSD11RKFrameworkyXlRs_rlEyqd__x_qd__yXKtcluig",
                "moduleName": "RKFramework",
                "genericSig": "<τ_0_0, τ_0_1, τ_1_0 where τ_0_0 : Swift.Hashable, τ_0_1 == AnyObject>",
                "sugared_genericSig": "<Key, Value, T where Key : Swift.Hashable, Value == AnyObject>",
                "isFromExtension": true,
                "accessorKind": "get"
              }
            ]
          }
        ],
        "declKind": "Struct",
        "usr": "s:SD",
        "mangledName": "$sSD",
        "moduleName": "Swift",
        "genericSig": "<τ_0_0, τ_0_1 where τ_0_0 : Swift.Hashable>",
        "sugared_genericSig": "<Key, Value where Key : Swift.Hashable>",
        "declAttributes": [
          "EagerMove",
          "Frozen"
        ],
        "isExternal": true,
        "conformances": [
          {
            "kind": "Conformance",
            "name": "Encodable",
            "printedName": "Encodable",
            "usr": "s:SE",
            "mangledName": "$sSE"
          },
          {
            "kind": "Conformance",
            "name": "Decodable",
            "printedName": "Decodable",
            "usr": "s:Se",
            "mangledName": "$sSe"
          },
          {
            "kind": "Conformance",
            "name": "Sequence",
            "printedName": "Sequence",
            "children": [
              {
                "kind": "TypeWitness",
                "name": "Element",
                "printedName": "Element",
                "children": [
                  {
                    "kind": "TypeNominal",
                    "name": "Tuple",
                    "printedName": "(key: τ_0_0, value: τ_0_1)",
                    "children": [
                      {
                        "kind": "TypeNominal",
                        "name": "GenericTypeParam",
                        "printedName": "τ_0_0"
                      },
                      {
                        "kind": "TypeNominal",
                        "name": "GenericTypeParam",
                        "printedName": "τ_0_1"
                      }
                    ]
                  }
                ]
              },
              {
                "kind": "TypeWitness",
                "name": "Iterator",
                "printedName": "Iterator",
                "children": [
                  {
                    "kind": "TypeNominal",
                    "name": "Iterator",
                    "printedName": "Swift.Dictionary<τ_0_0, τ_0_1>.Iterator",
                    "usr": "s:SD8IteratorV"
                  }
                ]
              }
            ],
            "usr": "s:ST",
            "mangledName": "$sST"
          },
          {
            "kind": "Conformance",
            "name": "Collection",
            "printedName": "Collection",
            "children": [
              {
                "kind": "TypeWitness",
                "name": "Element",
                "printedName": "Element",
                "children": [
                  {
                    "kind": "TypeNominal",
                    "name": "Tuple",
                    "printedName": "(key: τ_0_0, value: τ_0_1)",
                    "children": [
                      {
                        "kind": "TypeNominal",
                        "name": "GenericTypeParam",
                        "printedName": "τ_0_0"
                      },
                      {
                        "kind": "TypeNominal",
                        "name": "GenericTypeParam",
                        "printedName": "τ_0_1"
                      }
                    ]
                  }
                ]
              },
              {
                "kind": "TypeWitness",
                "name": "Index",
                "printedName": "Index",
                "children": [
                  {
                    "kind": "TypeNominal",
                    "name": "Index",
                    "printedName": "Swift.Dictionary<τ_0_0, τ_0_1>.Index",
                    "usr": "s:SD5IndexV"
                  }
                ]
              },
              {
                "kind": "TypeWitness",
                "name": "Iterator",
                "printedName": "Iterator",
                "children": [
                  {
                    "kind": "TypeNominal",
                    "name": "Iterator",
                    "printedName": "Swift.Dictionary<τ_0_0, τ_0_1>.Iterator",
                    "usr": "s:SD8IteratorV"
                  }
                ]
              },
              {
                "kind": "TypeWitness",
                "name": "SubSequence",
                "printedName": "SubSequence",
                "children": [
                  {
                    "kind": "TypeNominal",
                    "name": "Slice",
                    "printedName": "Swift.Slice<[τ_0_0 : τ_0_1]>",
                    "children": [
                      {
                        "kind": "TypeNominal",
                        "name": "Dictionary",
                        "printedName": "[τ_0_0 : τ_0_1]",
                        "children": [
                          {
                            "kind": "TypeNominal",
                            "name": "GenericTypeParam",
                            "printedName": "τ_0_0"
                          },
                          {
                            "kind": "TypeNominal",
                            "name": "GenericTypeParam",
                            "printedName": "τ_0_1"
                          }
                        ],
                        "usr": "s:SD"
                      }
                    ],
                    "usr": "s:s5SliceV"
                  }
                ]
              },
              {
                "kind": "TypeWitness",
                "name": "Indices",
                "printedName": "Indices",
                "children": [
                  {
                    "kind": "TypeNominal",
                    "name": "DefaultIndices",
                    "printedName": "Swift.DefaultIndices<[τ_0_0 : τ_0_1]>",
                    "children": [
                      {
                        "kind": "TypeNominal",
                        "name": "Dictionary",
                        "printedName": "[τ_0_0 : τ_0_1]",
                        "children": [
                          {
                            "kind": "TypeNominal",
                            "name": "GenericTypeParam",
                            "printedName": "τ_0_0"
                          },
                          {
                            "kind": "TypeNominal",
                            "name": "GenericTypeParam",
                            "printedName": "τ_0_1"
                          }
                        ],
                        "usr": "s:SD"
                      }
                    ],
                    "usr": "s:SI"
                  }
                ]
              }
            ],
            "usr": "s:Sl",
            "mangledName": "$sSl"
          },
          {
            "kind": "Conformance",
            "name": "ExpressibleByDictionaryLiteral",
            "printedName": "ExpressibleByDictionaryLiteral",
            "children": [
              {
                "kind": "TypeWitness",
                "name": "Key",
                "printedName": "Key",
                "children": [
                  {
                    "kind": "TypeNominal",
                    "name": "GenericTypeParam",
                    "printedName": "τ_0_0"
                  }
                ]
              },
              {
                "kind": "TypeWitness",
                "name": "Value",
                "printedName": "Value",
                "children": [
                  {
                    "kind": "TypeNominal",
                    "name": "GenericTypeParam",
                    "printedName": "τ_0_1"
                  }
                ]
              }
            ],
            "usr": "s:s30ExpressibleByDictionaryLiteralP",
            "mangledName": "$ss30ExpressibleByDictionaryLiteralP"
          },
          {
            "kind": "Conformance",
            "name": "Equatable",
            "printedName": "Equatable",
            "usr": "s:SQ",
            "mangledName": "$sSQ"
          },
          {
            "kind": "Conformance",
            "name": "Hashable",
            "printedName": "Hashable",
            "usr": "s:SH",
            "mangledName": "$sSH"
          },
          {
            "kind": "Conformance",
            "name": "_HasCustomAnyHashableRepresentation",
            "printedName": "_HasCustomAnyHashableRepresentation",
            "usr": "s:s35_HasCustomAnyHashableRepresentationP",
            "mangledName": "$ss35_HasCustomAnyHashableRepresentationP"
          },
          {
            "kind": "Conformance",
            "name": "CustomStringConvertible",
            "printedName": "CustomStringConvertible",
            "usr": "s:s23CustomStringConvertibleP",
            "mangledName": "$ss23CustomStringConvertibleP"
          },
          {
            "kind": "Conformance",
            "name": "CustomDebugStringConvertible",
            "printedName": "CustomDebugStringConvertible",
            "usr": "s:s28CustomDebugStringConvertibleP",
            "mangledName": "$ss28CustomDebugStringConvertibleP"
          },
          {
            "kind": "Conformance",
            "name": "CustomReflectable",
            "printedName": "CustomReflectable",
            "usr": "s:s17CustomReflectableP",
            "mangledName": "$ss17CustomReflectableP"
          },
          {
            "kind": "Conformance",
            "name": "Sendable",
            "printedName": "Sendable",
            "usr": "s:s8SendableP",
            "mangledName": "$ss8SendableP"
          },
          {
            "kind": "Conformance",
            "name": "_ObjectiveCBridgeable",
            "printedName": "_ObjectiveCBridgeable",
            "children": [
              {
                "kind": "TypeWitness",
                "name": "_ObjectiveCType",
                "printedName": "_ObjectiveCType",
                "children": [
                  {
                    "kind": "TypeNominal",
                    "name": "NSDictionary",
                    "printedName": "Foundation.NSDictionary",
                    "usr": "c:objc(cs)NSDictionary"
                  }
                ]
              }
            ],
            "usr": "s:s21_ObjectiveCBridgeableP",
            "mangledName": "$ss21_ObjectiveCBridgeableP"
          },
          {
            "kind": "Conformance",
            "name": "CVarArg",
            "printedName": "CVarArg",
            "usr": "s:s7CVarArgP",
            "mangledName": "$ss7CVarArgP"
          }
        ]
      },
      {
        "kind": "TypeDecl",
        "name": "Collection",
        "printedName": "Collection",
        "children": [
          {
            "kind": "Function",
            "name": "compactMap",
            "printedName": "compactMap(_:)",
            "children": [
              {
                "kind": "TypeNominal",
                "name": "Array",
                "printedName": "[τ_1_0]",
                "children": [
                  {
                    "kind": "TypeNominal",
                    "name": "GenericTypeParam",
                    "printedName": "τ_1_0"
                  }
                ],
                "usr": "s:Sa"
              },
              {
                "kind": "TypeNominal",
                "name": "KeyPath",
                "printedName": "Swift.KeyPath<τ_0_0.Element, τ_1_0>",
                "children": [
                  {
                    "kind": "TypeNominal",
                    "name": "DependentMember",
                    "printedName": "τ_0_0.Element"
                  },
                  {
                    "kind": "TypeNominal",
                    "name": "GenericTypeParam",
                    "printedName": "τ_1_0"
                  }
                ],
                "usr": "s:s7KeyPathC"
              }
            ],
            "declKind": "Func",
            "usr": "s:Sl11RKFrameworkE10compactMapySayqd__Gs7KeyPathCy7ElementQzqd__GlF",
            "mangledName": "$sSl11RKFrameworkE10compactMapySayqd__Gs7KeyPathCy7ElementQzqd__GlF",
            "moduleName": "RKFramework",
            "genericSig": "<τ_0_0, τ_1_0 where τ_0_0 : Swift.Collection>",
            "sugared_genericSig": "<Self, T where Self : Swift.Collection>",
            "declAttributes": [
              "RawDocComment"
            ],
            "isFromExtension": true,
            "funcSelfKind": "NonMutating"
          }
        ],
        "declKind": "Protocol",
        "usr": "s:Sl",
        "mangledName": "$sSl",
        "moduleName": "Swift",
        "genericSig": "<τ_0_0 : Swift.Sequence, τ_0_0.Element == τ_0_0.SubSequence.Element, τ_0_0.Index : Swift.Comparable, τ_0_0.Index == τ_0_0.Indices.Element, τ_0_0.Indices : Swift.Collection, τ_0_0.Indices == τ_0_0.Indices.SubSequence, τ_0_0.SubSequence : Swift.Collection, τ_0_0.SubSequence == τ_0_0.SubSequence.SubSequence, τ_0_0.Indices.Element == τ_0_0.Indices.Index, τ_0_0.Indices.Index == τ_0_0.SubSequence.Index>",
        "sugared_genericSig": "<Self : Swift.Sequence, Self.Element == Self.SubSequence.Element, Self.Index : Swift.Comparable, Self.Index == Self.Indices.Element, Self.Indices : Swift.Collection, Self.Indices == Self.Indices.SubSequence, Self.SubSequence : Swift.Collection, Self.SubSequence == Self.SubSequence.SubSequence, Self.Indices.Element == Self.Indices.Index, Self.Indices.Index == Self.SubSequence.Index>",
        "isExternal": true,
        "conformances": [
          {
            "kind": "Conformance",
            "name": "Sequence",
            "printedName": "Sequence",
            "usr": "s:ST",
            "mangledName": "$sST"
          }
        ]
      }
    ],
    "json_format_version": 8
  },
  "ConstValues": []
}